{
  "products": [
    {
      "id": 1,
      "name": "My name is what",
      "description": "GLORYBOYZ Mens Floral Printed Wedding Party Button Down Casual Shirts. Lorem Ipsum is simply dummy text of the printing and ypesetting industry. Lorem Ipsum has been the industrys tandard dummy text ever since the 1500s, when n unknown rinter took a galley of type and scrambled it to make a ype specimen book.",
      "imageUrl": "../assets/images/products/01-male.jpg",
      "thumbnailUrl": "../assets/images/products/01-male.jpg",
      "imgAltText": "GLORYBOYZ",
      "maxRetailPrice": 1197,
      "category": "Men",
      "discountApplicable": 14,
      "added": "5/6/2023",
      "quantity": 8,
      "bestSellerRanking": 3,
      "featured": true,
      "reviews": [
       
        {
          "id": 60734,
          "name": "GiriBabu",
          "email": "test@gmail.com",
          "phone": "987654332",
          "review": "test12345",
          "rating": 1
        },
        {
          "id": 57353,
          "name": "GiriBabu",
          "email": "giribabu.kv@gmail.com",
          "phone": "987654321",
          "review": "cvcxvxvx",
          "rating": 4
        }
      ]
    },
    {
      "id": 2,
      "name": "SOURBH",
      "description": "SOURBH Women's Cotton Sequins Embroidery Work Foil Printed A-Line Kurti Only Lorem Ipsum is simply dummy text of the printing and ypesetting industry. Lorem Ipsum has been the industrys tandard dummy text ever since the 1500s, when n unknown rinter took a galley of type and scrambled it to make a ype specimen book.",
      "imageUrl": "../assets/images/products/02-female.jpg",
      "thumbnailUrl": "../assets/images/products/02-female.jpg",
      "imgAltText": "SOURBH",
      "maxRetailPrice": 1299,
      "category": "Women",
      "discountApplicable": 14,
      "added": "14/3/2023",
      "quantity": 6,
      "bestSellerRanking": 1,
      "featured": true,
      "reviews": [
        {
          "id": 66178,
          "name": "GiriBabu",
          "email": "test@gmail.com",
          "rating": 4,
          "review": "test",
          "phone": "456789544"
        },
        {
          "id": 25197,
          "name": "GiriBabu",
          "email": "test123@gmail.com",
          "phone": "3473957349",
          "review": "sd s saf a",
          "rating": 5
        },
        {
          "id": 54249,
          "name": "GiriBabu123",
          "email": "test4567@gmail.com",
          "phone": "3473957349",
          "review": "df sdf sf s",
          "rating": 5
        },
        {
          "id": 43789,
          "name": "GiriBabu005",
          "email": "test8976@gmail.com",
          "phone": "3473957349",
          "review": "fd sd sfasf",
          "rating": 5
        },
        {
          "id": 42387,
          "name": "GiriBabu123",
          "email": "VenkataGiriBabu.Karibandi@gilead.com",
          "phone": "3473957349",
          "review": "fdfgdfg dg",
          "rating": 5
        },
        {
          "id": 52334,
          "name": "GiriBabu009877",
          "email": "test00006789@gmail.com",
          "phone": "3473957349",
          "review": "fgdfgdfgd",
          "rating": 5
        },
        {
          "id": 72852,
          "name": "Test90",
          "email": "test90@gmail.com",
          "phone": "987654332",
          "review": "test9",
          "rating": 4
        },
        {
          "id": 61158,
          "name": "GiriBabu1234567",
          "email": "GiriBabu1234567@gmail.com",
          "phone": "3456788",
          "review": "dfsdfs",
          "rating": 5
        }
      ]
    },
    {
      "id": 3,
      "name": "Abc",
      "description": "Fanideaz Mens Cotton Half Sleeve Solid Polo T Shirt with Collar Lorem Ipsum is simply dummy text of the printing and ypesetting industry. Lorem Ipsum has been the industrys tandard dummy text ever since the 1500s, when n unknown rinter took a galley of type and scrambled it to make a ype specimen book.",
      "imageUrl": "../assets/images/products/03-male.jpg",
      "thumbnailUrl": "../assets/images/products/03-male.jpg",
      "imgAltText": "Fanideaz",
      "maxRetailPrice": 1599,
      "category": "Men",
      "discountApplicable": 14,
      "added": "29/6/2023",
      "quantity": 2,
      "bestSellerRanking": 1,
      "featured": true,
      "reviews": [
        {
          "id": 1002,
          "name": "Krissh",
          "email": "speak2krissh@gmail.com",
          "phone": "7416639544",
          "comment": "Very Good!",
          "rating": 4
        }
      ],
      "msg": "awesome"
    },
    {
      "id": 4,
      "name": "Dennis Lingo",
      "description": "Dennis Lingo Men's Solid Slim Fit Cotton Casual Shirt with Spread Collar & Full Sleeves",
      "imageUrl": "../assets/images/products/04-male.jpg",
      "thumbnailUrl": "../assets/images/products/04-male.jpg",
      "imgAltText": "Dennis Lingo",
      "maxRetailPrice": 1688,
      "category": "Men",
      "discountApplicable": 14,
      "added": "3/3/2023",
      "quantity": 7,
      "bestSellerRanking": 2,
      "featured": true,
      "reviews": []
    },
    {
      "id": 5,
      "name": "Amazon Brand",
      "description": "Amazon Brand - Myx Women's Cotton Straight Kurti",
      "imageUrl": "../assets/images/products/05-female.jpg",
      "thumbnailUrl": "../assets/images/products/05-female.jpg",
      "imgAltText": "Amazon Brand",
      "maxRetailPrice": 1899,
      "category": "Women",
      "discountApplicable": 14,
      "added": "19/3/2023",
      "quantity": 1,
      "bestSellerRanking": 5,
      "featured": true,
      "reviews": [
        {
          "id": 21396,
          "name": "GiriBabu",
          "email": "test@gmail.com",
          "rating": 4,
          "comment": "This is only for testing lsdflsfla",
          "phone": "987654321"
        }
      ]
    },
    {
      "id": 6,
      "name": "Gopal",
      "description": "AJ DEZINES Kids Regular Fit Clothing Set For Boys. Lorem Ipsum is simply dummy text of the printing and ypesetting industry. Lorem Ipsum has been the industrys tandard dummy text ever since the 1500s, when n unknown rinter took a galley of type and scrambled it to make a ype specimen book. ",
      "imageUrl": "../assets/images/products/06-kids.jpg",
      "thumbnailUrl": "../assets/images/products/06-kids.jpg",
      "imgAltText": "AJ DEZINES",
      "maxRetailPrice": 688,
      "category": "Kids",
      "discountApplicable": 14,
      "added": "5/4/2023",
      "quantity": 5,
      "bestSellerRanking": 2,
      "featured": true,
      "reviews": [
        {
          "id": 82957,
          "name": "test",
          "email": "test@abc.com",
          "rating": 2,
          "comment": "dfsfsdfdsf",
          "phone": "123456"
        }
      ],
      "email": "am@yopmail.com",
      "rating": 2,
      "comment": "gggggggg",
      "phone": "123456"
    },
    {
      "id": 7,
      "name": "SK FASHION",
      "description": "SK FASHION Kids Wear & Baby Boy's Clothing Set Of Fancy Cotton Blend Goggles Printed Shirt & Black Track Pant for Kids Lorem Ipsum is simply dummy text of the printing and ypesetting industry. Lorem Ipsum has been the industrys tandard dummy text ever since the 1500s, when n unknown rinter took a galley of type and scrambled it to make a ype specimen book.",
      "imageUrl": "../assets/images/products/07-kids.jpg",
      "thumbnailUrl": "../assets/images/products/07-kids.jpg",
      "imgAltText": "SK FASHION",
      "maxRetailPrice": 789,
      "category": "Kids",
      "discountApplicable": 14,
      "added": "18/5/2023",
      "quantity": 4,
      "bestSellerRanking": 4,
      "featured": true,
      "reviews": []
    },
    {
      "id": 8,
      "name": "COTLAND",
      "description": "COTLAND Fashions Jaipuri Cotton Straight Printed Kurta for Women Lorem Ipsum is simply dummy text of the printing and ypesetting industry. Lorem Ipsum has been the industrys tandard dummy text ever since the 1500s, when n unknown rinter took a galley of type and scrambled it to make a ype specimen book.",
      "imageUrl": "../assets/images/products/08-female.jpg",
      "thumbnailUrl": "../assets/images/products/08-female.jpg",
      "imgAltText": "COTLAND",
      "maxRetailPrice": 999,
      "category": "Women",
      "discountApplicable": 14,
      "added": "2/1/2023",
      "quantity": 2,
      "bestSellerRanking": 4,
      "featured": true,
      "reviews": []
    },
    {
      "id": 9,
      "name": "Dennis Lingo",
      "description": "Dennis Lingo Men's Checkered Slim Fit Cotton Casual Shirt Lorem Ipsum is simply dummy text of the printing and ypesetting industry. Lorem Ipsum has been the industrys tandard dummy text ever since the 1500s, when n unknown rinter took a galley of type and scrambled it to make a ype specimen book.",
      "imageUrl": "../assets/images/products/09-male.jpg",
      "thumbnailUrl": "../assets/images/products/09-male.jpg",
      "imgAltText": "Dennis Lingo",
      "maxRetailPrice": 1899,
      "category": "Men",
      "discountApplicable": 14,
      "added": "8/4/2023",
      "quantity": 10,
      "bestSellerRanking": 2,
      "featured": true,
      "reviews": []
    },
    {
      "id": 10,
      "name": "Cloth Bites",
      "description": "Cloth Bites Printed Cotton Frock Dress for Baby Girls, Comfortable Summer Wear Dress Lorem Ipsum is simply dummy text of the printing and ypesetting industry. Lorem Ipsum has been the industrys tandard dummy text ever since the 1500s, when n unknown rinter took a galley of type and scrambled it to make a ype specimen book.",
      "imageUrl": "../assets/images/products/10-kids.jpg",
      "thumbnailUrl": "../assets/images/products/10-kids.jpg",
      "imgAltText": "Cloth Bites",
      "maxRetailPrice": 1288,
      "category": "Kids",
      "discountApplicable": 14,
      "added": "6/6/2023",
      "quantity": 2,
      "bestSellerRanking": 2,
      "featured": true,
      "reviews": []
    },
    {
      "id": 11,
      "name": "AMERICAN CREW",
      "description": "AMERICAN CREW Men's Polo Collar Half Sleeve T-Shirt Lorem Ipsum is simply dummy text of the printing and ypesetting industry. Lorem Ipsum has been the industrys tandard dummy text ever since the 1500s, when n unknown rinter took a galley of type and scrambled it to make a ype specimen book.",
      "imageUrl": "../assets/images/products/11-male.jpg",
      "thumbnailUrl": "../assets/images/products/11-male.jpg",
      "imgAltText": "AMERICAN CREW",
      "maxRetailPrice": 1350,
      "category": "Men",
      "discountApplicable": 14,
      "added": "11/3/2023",
      "quantity": 7,
      "bestSellerRanking": 2,
      "featured": true,
      "reviews": []
    },
    {
      "id": 12,
      "name": "Rajnandini",
      "description": "Rajnandini Women's Pure Cotton with Zari Weaving Jaipuri Printed Kurti Lorem Ipsum is simply dummy text of the printing and ypesetting industry. Lorem Ipsum has been the industrys tandard dummy text ever since the 1500s, when n unknown rinter took a galley of type and scrambled it to make a ype specimen book.",
      "imageUrl": "../assets/images/products/12-female.jpg",
      "thumbnailUrl": "../assets/images/products/12-female.jpg",
      "imgAltText": "Rajnandini",
      "maxRetailPrice": 1999,
      "category": "Women",
      "discountApplicable": 14,
      "added": "23/4/2023",
      "quantity": 6,
      "bestSellerRanking": 2,
      "featured": true,
      "reviews": []
    },
    {
      "id": 13,
      "name": "AnjuShree",
      "description": "AnjuShree Choice Women Printed Cotton Kurti Lorem Ipsum is simply dummy text of the printing and ypesetting industry. Lorem Ipsum has been the industrys tandard dummy text ever since the 1500s, when n unknown rinter took a galley of type and scrambled it to make a ype specimen book.",
      "imageUrl": "../assets/images/products/13-kids.jpg",
      "thumbnailUrl": "../assets/images/products/13-kids.jpg",
      "imgAltText": "AnjuShree",
      "maxRetailPrice": 1499,
      "category": "Kids",
      "discountApplicable": 14,
      "added": "15/6/2023",
      "quantity": 3,
      "bestSellerRanking": 1,
      "featured": true,
      "reviews": []
    },
    {
      "id": 14,
      "name": "MIRCHI FASHION",
      "description": "MIRCHI FASHION Women's Rayon Tie Dye Printed and Mirror Zari Work Kaftan Style Loose Fit Kurti Only Lorem Ipsum is simply dummy text of the printing and ypesetting industry. Lorem Ipsum has been the industrys tandard dummy text ever since the 1500s, when n unknown rinter took a galley of type and scrambled it to make a ype specimen book.",
      "imageUrl": "../assets/images/products/14-female.jpg",
      "thumbnailUrl": "../assets/images/products/14-female.jpg",
      "imgAltText": "MIRCHI FASHION",
      "maxRetailPrice": 1800,
      "category": "Women",
      "discountApplicable": 14,
      "added": "18/05/2023",
      "quantity": 9,
      "bestSellerRanking": 1,
      "featured": true,
      "reviews": []
    },
    {
      "id": 15,
      "name": "Campus Sutra",
      "description": "Campus Sutra Men's Multi-Coloured Colour-Blocked Half Sleeve Regular Fit T-Shirt for Casual Wear | Structured T-Shirt Crafted with Comfort Fit and High-Performance for Everyday Wear Lorem Ipsum is simply dummy text of the printing and ypesetting industry. Lorem Ipsum has been the industrys tandard dummy text ever since the 1500s, when n unknown rinter took a galley of type and scrambled it to make a ype specimen book.",
      "imageUrl": "../assets/images/products/15-male.jpg",
      "thumbnailUrl": "../assets/images/products/15-male.jpg",
      "imgAltText": "Campus Sutra",
      "maxRetailPrice": 1350,
      "category": "Men",
      "discountApplicable": 14,
      "added": "11/2/2023",
      "quantity": 8,
      "bestSellerRanking": 1,
      "featured": true,
      "reviews": []
    },
    {
      "id": 16,
      "name": "Yash Gallery",
      "description": "Yash Gallery Women's Rayon Floral Printed Anarkali Kurta for Women Lorem Ipsum is simply dummy text of the printing and ypesetting industry. Lorem Ipsum has been the industrys tandard dummy text ever since the 1500s, when n unknown rinter took a galley of type and scrambled it to make a ype specimen book.",
      "imageUrl": "../assets/images/products/16-female.jpg",
      "thumbnailUrl": "../assets/images/products/16-female.jpg",
      "imgAltText": "Yash Gallery",
      "maxRetailPrice": 1788,
      "category": "Women",
      "discountApplicable": 14,
      "added": "28/5/2023",
      "quantity": 10,
      "bestSellerRanking": 3,
      "featured": true,
      "reviews": []
    },
    {
      "id": 17,
      "name": "AHHAAAA Kids",
      "description": "AHHAAAA Kids Cotton Blend Waistcoat Kurta and Pant Set for Boys Lorem Ipsum is simply dummy text of the printing and ypesetting industry. Lorem Ipsum has been the industrys tandard dummy text ever since the 1500s, when n unknown rinter took a galley of type and scrambled it to make a ype specimen book.",
      "imageUrl": "../assets/images/products/17-kids.jpg",
      "thumbnailUrl": "../assets/images/products/17-kids.jpg",
      "imgAltText": "AHHAAAA Kids",
      "maxRetailPrice": 1199,
      "category": "Kids",
      "discountApplicable": 12,
      "added": "27/4/2023",
      "quantity": 4,
      "bestSellerRanking": 5,
      "featured": true,
      "reviews": []
    },
    {
      "id": 18,
      "name": "Van Heusen",
      "description": "Van Heusen Men's Regular Fit Polo Shirt Lorem Ipsum is simply dummy text of the printing and ypesetting industry. Lorem Ipsum has been the industrys tandard dummy text ever since the 1500s, when n unknown rinter took a galley of type and scrambled it to make a ype specimen book.",
      "imageUrl": "../assets/images/products/18-male.jpg",
      "thumbnailUrl": "../assets/images/products/18-male.jpg",
      "imgAltText": "Van Heusen",
      "maxRetailPrice": 899,
      "category": "Men",
      "discountApplicable": 14,
      "added": "4/9/2023",
      "quantity": 9,
      "bestSellerRanking": 1,
      "featured": true,
      "reviews": []
    },
    {
      "id": 19,
      "name": "ANNI DESIGNER",
      "description": "ANNI DESIGNER Women's Georgette Chikankari Embroidered Anarkali Kurti Lorem Ipsum is simply dummy text of the printing and ypesetting industry. Lorem Ipsum has been the industrys tandard dummy text ever since the 1500s, when n unknown rinter took a galley of type and scrambled it to make a ype specimen book. ",
      "imageUrl": "../assets/images/products/19-female.jpg",
      "thumbnailUrl": "../assets/images/products/19-female.jpg",
      "imgAltText": "ANNI DESIGNER",
      "maxRetailPrice": 1299,
      "category": "Women",
      "discountApplicable": 14,
      "added": "1/2/2023",
      "quantity": 8,
      "bestSellerRanking": 4,
      "featured": true,
      "reviews": []
    },
    {
      "id": 20,
      "name": "Boys & Girls Casual",
      "description": "Boys & Girls Casual Tshirt Track Pants (Dark Green and Grey) 100% Cotton,Skin Friendly Lorem Ipsum is simply dummy text of the printing and ypesetting industry. Lorem Ipsum has been the industrys tandard dummy text ever since the 1500s, when n unknown rinter took a galley of type and scrambled it to make a ype specimen book.",
      "imageUrl": "../assets/images/products/20-kids.jpg",
      "thumbnailUrl": "../assets/images/products/20-kids.jpg",
      "imgAltText": "Boys & Girls Casual",
      "maxRetailPrice": 699,
      "category": "Kids",
      "discountApplicable": 14,
      "added": "3/5/2023",
      "quantity": 1,
      "bestSellerRanking": 2,
      "featured": true,
      "reviews": []
    },
    {
      "id": 21,
      "name": "Nazrana",
      "description": "Nazrana Girls Crepe A-Line Mini Dress Lorem Ipsum is simply dummy text of the printing and ypesetting industry. Lorem Ipsum has been the industrys tandard dummy text ever since the 1500s, when n unknown rinter took a galley of type and scrambled it to make a ype specimen book.",
      "imageUrl": "../assets/images/products/21-kids.jpg",
      "thumbnailUrl": "../assets/images/products/21-kids.jpg",
      "imgAltText": "Nazrana",
      "maxRetailPrice": 899,
      "category": "Kids",
      "discountApplicable": 14,
      "added": "17/6/2023",
      "quantity": 3,
      "bestSellerRanking": 1,
      "featured": true,
      "reviews": []
    },
    {
      "id": 22,
      "name": "AASK Dress",
      "description": "AASK Dress for Women | one Piece for Women Lorem Ipsum is simply dummy text of the printing and ypesetting industry. Lorem Ipsum has been the industrys tandard dummy text ever since the 1500s, when n unknown rinter took a galley of type and scrambled it to make a ype specimen book.",
      "imageUrl": "../assets/images/products/22-female.jpg",
      "thumbnailUrl": "../assets/images/products/22-female.jpg",
      "imgAltText": "AASK Dress",
      "maxRetailPrice": 872,
      "category": "Women",
      "discountApplicable": 14,
      "added": "17/6/2023",
      "quantity": 3,
      "bestSellerRanking": 1,
      "featured": true,
      "reviews": []
    },
    {
      "id": 23,
      "name": "Zolario",
      "description": "Zolario Sherwani for Kids Boys, Ideal for Birthday, Marriage, Diwali and Other Functions. Lorem Ipsum is simply dummy text of the printing and ypesetting industry. Lorem Ipsum has been the industrys tandard dummy text ever since the 1500s, when n unknown rinter took a galley of type and scrambled it to make a ype specimen book.",
      "imageUrl": "../assets/images/products/23-kids.jpg",
      "thumbnailUrl": "../assets/images/products/23-kids.jpg",
      "imgAltText": "Zolario",
      "maxRetailPrice": 999,
      "category": "Kids",
      "discountApplicable": 14,
      "added": "16/2/2023",
      "quantity": 5,
      "bestSellerRanking": 4,
      "featured": true,
      "reviews": []
    },
    {
      "id": 24,
      "name": "Jockey",
      "description": "Jockey 2714 Men's Super Combed Cotton Rich Solid Round Neck Half Sleeve T-Shirt Lorem Ipsum is simply dummy text of the printing and ypesetting industry. Lorem Ipsum has been the industrys tandard dummy text ever since the 1500s, when n unknown rinter took a galley of type and scrambled it to make a ype specimen book.",
      "imageUrl": "../assets/images/products/24-male.jpg",
      "thumbnailUrl": "../assets/images/products/24-male.jpg",
      "imgAltText": "Jockey",
      "maxRetailPrice": 899,
      "category": "Men",
      "discountApplicable": 14,
      "added": "11/3/2023",
      "quantity": 9,
      "bestSellerRanking": 2,
      "featured": true,
      "reviews": []
    },
    {
      "id": 25,
      "name": "Brand: NEW GEN",
      "description": "NEW GEN Baby Boy's Cotton Silk Jacket, Kurta Pyjama Set Lorem Ipsum is simply dummy text of the printing and ypesetting industry. Lorem Ipsum has been the industrys tandard dummy text ever since the 1500s, when n unknown rinter took a galley of type and scrambled it to make a ype specimen book.",
      "imageUrl": "../assets/images/products/25-kids.jpg",
      "thumbnailUrl": "../assets/images/products/25-kids.jpg",
      "imgAltText": "Brand: NEW GEN",
      "maxRetailPrice": 1870,
      "category": "Kids",
      "discountApplicable": 14,
      "added": "12/1/2023",
      "quantity": 6,
      "bestSellerRanking": 3,
      "featured": true,
      "reviews": []
    },
    {
      "id": 26,
      "name": "MEERA FAB",
      "description": "Women's Cotton Printed Blue Anarkali Kurta With Palazzo & Dupatta Set Lorem Ipsum is simply dummy text of the printing and ypesetting industry. Lorem Ipsum has been the industrys tandard dummy text ever since the 1500s, when n unknown rinter took a galley of type and scrambled it to make a ype specimen book.",
      "imageUrl": "../assets/images/products/26-female.jpg",
      "thumbnailUrl": "../assets/images/products/26-female.jpg",
      "imgAltText": "MEERA FAB",
      "maxRetailPrice": 899,
      "category": "Women",
      "discountApplicable": 14,
      "added": "28/2/2023",
      "quantity": 8,
      "bestSellerRanking": 5,
      "featured": true,
      "reviews": []
    },
    {
      "id": 27,
      "name": "Raymond",
      "description": "Raymond Men's Regular Fit Shirt Lorem Ipsum is simply dummy text of the printing and ypesetting industry. Lorem Ipsum has been the industrys tandard dummy text ever since the 1500s, when n unknown rinter took a galley of type and scrambled it to make a ype specimen book.",
      "imageUrl": "../assets/images/products/27-male.jpg",
      "thumbnailUrl": "../assets/images/products/27-male.jpg",
      "imgAltText": "Raymond",
      "maxRetailPrice": 1099,
      "category": "Men",
      "discountApplicable": 14,
      "added": "9/42023",
      "quantity": 5,
      "bestSellerRanking": 1,
      "featured": true,
      "reviews": []
    }
  ],
  "categories": [
    {
      "id": 100,
      "name": "All"
    },
    {
      "id": 101,
      "name": "Men"
    },
    {
      "id": 102,
      "name": "Women"
    },
    {
      "id": 103,
      "name": "Kids"
    }
  ],
  "contactData": {
    "address": "BLOCK D1, Manayata Embassy Business Park, Thanisandra, Bengaluru",
    "phone": [
      "(91) 123 456 7891"
    ],
    "email": "contact@sparkclothing.com"
  },
  "getInTouchData": [
    {
      "name": "Giri",
      "email": "giri@gmail.com",
      "message": "Sparking Clothing Website",
      "id": 1
    },
    {
      "id": 31201,
      "name": "GiriBabu",
      "email": "test@gmail.com",
      "message": "test"
    },
    {
      "id": 51774,
      "name": "GiriBabu",
      "email": "test@gmail.com",
      "message": "dsfsdfs"
    },
    {
      "id": 11472,
      "name": "GiriBabu",
      "email": "giribabu.kv@gmail.com",
      "message": "dgdsd"
    },
    {
      "id": 36449,
      "name": "GiriBabu",
      "email": "dsfsa@gmail.com",
      "message": "sdfafa"
    },
    {
      "id": 25567,
      "name": "GiriBabu",
      "email": "giribabu.kv@gmail.com",
      "message": "456789543"
    }
  ]
}